frame_index,seq,header_stamp
0,476121,8084.941974000
1,476122,8084.957183000
2,476123,8084.977602000
3,476124,8084.993352000
4,476125,8085.006988000
5,476126,8085.024010000
6,476127,8085.042029000
7,476128,8085.058968000
8,476129,8085.073694000
9,476130,8085.090814000
10,476131,8085.108576000
11,476132,8085.126131000
12,476133,8085.140256000
13,476134,8085.157206000
14,476135,8085.175444000
15,476136,8085.193181000
16,476137,8085.206964000
17,476138,8085.224157000
18,476139,8085.241896000
19,476140,8085.259464000
20,476141,8085.273574000
21,476142,8085.290379000
22,476143,8085.308574000
23,476144,8085.325379000
24,476145,8085.340086000
25,476146,8085.357295000
26,476147,8085.375088000
27,476148,8085.392760000
28,476149,8085.406881000
29,476150,8085.423758000
30,476151,8085.441962000
31,476152,8085.459195000
32,476153,8085.473420000
33,476154,8085.490675000
34,476155,8085.508603000
35,476156,8085.524103000
36,476157,8085.542100000
37,476158,8085.556737000
38,476159,8085.573554000
39,476160,8085.593656000
40,476161,8085.606605000
41,476162,8085.623837000
42,476163,8085.640319000
43,476164,8085.659629000
44,476165,8085.673419000
45,476166,8085.690244000
46,476167,8085.708296000
47,476168,8085.725391000
48,476169,8085.739888000
49,476170,8085.756785000
50,476171,8085.774904000
51,476172,8085.792730000
52,476173,8085.806711000
53,476174,8085.823569000
54,476175,8085.840289000
55,476176,8085.858932000
56,476177,8085.873130000
57,476178,8085.890043000
58,476179,8085.908118000
59,476180,8085.925999000
60,476181,8085.939769000
61,476182,8085.956779000
62,476183,8085.973500000
63,476184,8085.992365000
64,476185,8086.006356000
65,476186,8086.023262000
66,476187,8086.041399000
67,476188,8086.058270000
68,476189,8086.073092000
69,476190,8086.090182000
70,476191,8086.108192000
71,476192,8086.123727000
72,476193,8086.139664000
73,476194,8086.156627000
74,476195,8086.174716000
75,476196,8086.193020000
76,476197,8086.206308000
77,476198,8086.223476000
78,476199,8086.241468000
79,476200,8086.259002000
80,476201,8086.272939000
81,476202,8086.289785000
82,476203,8086.308007000
83,476204,8086.324933000
84,476205,8086.339547000
85,476206,8086.356685000
86,476207,8086.374709000
87,476208,8086.392163000
88,476209,8086.406196000
89,476210,8086.423033000
90,476211,8086.441243000
91,476212,8086.458261000
92,476213,8086.472756000
93,476214,8086.490013000
94,476215,8086.506467000
95,476216,8086.525832000
96,476217,8086.539540000
97,476218,8086.556429000
98,476219,8086.574556000
99,476220,8086.590828000
100,476221,8086.605990000
101,476222,8086.623207000
102,476223,8086.639661000
103,476224,8086.658853000
104,476225,8086.674277000
105,476226,8086.689257000
106,476227,8086.706067000
107,476228,8086.723314000
108,476229,8086.739212000
109,476230,8086.756315000
110,476231,8086.773019000
111,476232,8086.792956000
112,476233,8086.807517000
113,476234,8086.822580000
114,476235,8086.839474000
115,476236,8086.857954000
116,476237,8086.872493000
117,476238,8086.889339000
118,476239,8086.906256000
119,476240,8086.925710000
120,476241,8086.939238000
121,476242,8086.956091000
122,476243,8086.972828000
123,476244,8086.991165000
124,476245,8087.005739000
125,476246,8087.022599000
126,476247,8087.039494000
127,476248,8087.058980000
128,476249,8087.072384000
129,476250,8087.089411000
130,476251,8087.106232000
131,476252,8087.125262000
132,476253,8087.139276000
133,476254,8087.156164000
134,476255,8087.172995000
135,476256,8087.192381000
136,476257,8087.205840000
137,476258,8087.222840000
138,476259,8087.239588000
139,476260,8087.258292000
140,476261,8087.272564000
141,476262,8087.289382000
142,476263,8087.306085000
143,476264,8087.323581000
144,476265,8087.339260000
145,476266,8087.356094000
146,476267,8087.372911000
147,476268,8087.393161000
148,476269,8087.405949000
149,476270,8087.422643000
150,476271,8087.439478000
151,476272,8087.459042000
152,476273,8087.472626000
153,476274,8087.489465000
154,476275,8087.505993000
155,476276,8087.525140000
156,476277,8087.539402000
157,476278,8087.555401000
158,476279,8087.572711000
159,476280,8087.591702000
160,476281,8087.605970000
161,476282,8087.622634000
162,476283,8087.639705000
163,476284,8087.658560000
164,476285,8087.672791000
165,476286,8087.688578000
166,476287,8087.705832000
167,476288,8087.724566000
168,476289,8087.739324000
169,476290,8087.755394000
170,476291,8087.772969000
171,476292,8087.791735000
172,476293,8087.806052000
173,476294,8087.821903000
174,476295,8087.839158000
175,476296,8087.858194000
176,476297,8087.872626000
177,476298,8087.888520000
178,476299,8087.905950000
179,476300,8087.923532000
180,476301,8087.939325000
181,476302,8087.955143000
182,476303,8087.972467000
183,476304,8087.992693000
184,476305,8088.005900000
185,476306,8088.021798000
186,476307,8088.039530000
187,476308,8088.058469000
188,476309,8088.072657000
189,476310,8088.088341000
190,476311,8088.105711000
191,476312,8088.124697000
192,476313,8088.139216000
193,476314,8088.155134000
194,476315,8088.172458000
195,476316,8088.191662000
196,476317,8088.205743000
197,476318,8088.221654000
198,476319,8088.238950000
199,476320,8088.257902000
200,476321,8088.272150000
201,476322,8088.288333000
202,476323,8088.305851000
203,476324,8088.324987000
204,476325,8088.339063000
205,476326,8088.354966000
206,476327,8088.372450000
207,476328,8088.391345000
208,476329,8088.405655000
209,476330,8088.421438000
210,476331,8088.439197000
211,476332,8088.458442000
212,476333,8088.472299000
213,476334,8088.488266000
214,476335,8088.505765000
215,476336,8088.523350000
216,476337,8088.538775000
217,476338,8088.554964000
218,476339,8088.572530000
219,476340,8088.592814000
220,476341,8088.605609000
221,476342,8088.622550000
222,476343,8088.638457000
223,476344,8088.657649000
224,476345,8088.672027000
225,476346,8088.688122000
226,476347,8088.705423000
227,476348,8088.724431000
228,476349,8088.737967000
229,476350,8088.755162000
230,476351,8088.771828000
231,476352,8088.791062000
232,476353,8088.804692000
233,476354,8088.821504000
234,476355,8088.838515000
235,476356,8088.857501000
236,476357,8088.871186000
237,476358,8088.888444000
238,476359,8088.904959000
239,476360,8088.924335000
240,476361,8088.938155000
241,476362,8088.954876000
242,476363,8088.971672000
243,476364,8088.990495000
244,476365,8089.004599000
245,476366,8089.021946000
246,476367,8089.037904000
247,476368,8089.056539000
248,476369,8089.071240000
249,476370,8089.088073000
250,476371,8089.106006000
251,476372,8089.121456000
252,476373,8089.138049000
253,476374,8089.154971000
254,476375,8089.171402000
255,476376,8089.191695000
256,476377,8089.204406000
257,476378,8089.221635000
258,476379,8089.237575000
259,476380,8089.256308000
260,476381,8089.270941000
261,476382,8089.287811000
262,476383,8089.304709000
263,476384,8089.323635000
264,476385,8089.337551000
265,476386,8089.354512000
266,476387,8089.371340000
267,476388,8089.390325000
268,476389,8089.404181000
269,476390,8089.421204000
270,476391,8089.438088000
271,476392,8089.456408000
272,476393,8089.470856000
273,476394,8089.487960000
274,476395,8089.504547000
275,476396,8089.523137000
276,476397,8089.537444000
277,476398,8089.554370000
278,476399,8089.571287000
279,476400,8089.590265000
280,476401,8089.604126000
281,476402,8089.621216000
282,476403,8089.637786000
283,476404,8089.656486000
284,476405,8089.670714000
285,476406,8089.687723000
286,476407,8089.704496000
287,476408,8089.722307000
288,476409,8089.737666000
289,476410,8089.754545000
290,476411,8089.770956000
291,476412,8089.790869000
292,476413,8089.804085000
293,476414,8089.821426000
294,476415,8089.837561000
295,476416,8089.856134000
296,476417,8089.870986000
297,476418,8089.887797000
298,476419,8089.904217000
299,476420,8089.922936000
300,476421,8089.937274000
301,476422,8089.954663000
302,476423,8089.970830000
303,476424,8089.989486000
304,476425,8090.004316000
305,476426,8090.021688000
306,476427,8090.037351000
307,476428,8090.056162000
308,476429,8090.070567000
309,476430,8090.087425000
310,476431,8090.104425000
311,476432,8090.124040000
312,476433,8090.136928000
313,476434,8090.153782000
314,476435,8090.170758000
315,476436,8090.189457000
316,476437,8090.203737000
317,476438,8090.220528000
318,476439,8090.237625000
319,476440,8090.256402000
320,476441,8090.270168000
321,476442,8090.287048000
322,476443,8090.303974000
323,476444,8090.321586000
324,476445,8090.337079000
325,476446,8090.353903000
326,476447,8090.370589000
327,476448,8090.390459000
328,476449,8090.403462000
329,476450,8090.420392000
330,476451,8090.437303000
331,476452,8090.456247000
332,476453,8090.470157000
333,476454,8090.487075000
334,476455,8090.503906000
335,476456,8090.522447000
336,476457,8090.536754000
337,476458,8090.553747000
338,476459,8090.570694000
339,476460,8090.589659000
340,476461,8090.603569000
341,476462,8090.620478000
342,476463,8090.637114000
343,476464,8090.655868000
344,476465,8090.670436000
345,476466,8090.687297000
346,476467,8090.704191000
347,476468,8090.723433000
348,476469,8090.737045000
349,476470,8090.753859000
350,476471,8090.770680000
351,476472,8090.789552000
352,476473,8090.803815000
353,476474,8090.820521000
354,476475,8090.837767000
355,476476,8090.856968000
356,476477,8090.870747000
357,476478,8090.887700000
358,476479,8090.904250000
359,476480,8090.921917000
360,476481,8090.937888000
361,476482,8090.953579000
362,476483,8090.971055000
363,476484,8090.991440000
364,476485,8091.004416000
365,476486,8091.021477000
366,476487,8091.037568000
367,476488,8091.056498000
368,476489,8091.071293000
369,476490,8091.087218000
370,476491,8091.105065000
371,476492,8091.124287000
372,476493,8091.138252000
373,476494,8091.154323000
374,476495,8091.171350000
375,476496,8091.190717000
376,476497,8091.204703000
377,476498,8091.220494000
378,476499,8091.236626000
379,476500,8091.257155000
380,476501,8091.271516000
381,476502,8091.287524000
382,476503,8091.304788000
383,476504,8091.324302000
384,476505,8091.336552000
385,476506,8091.353229000
386,476507,8091.370082000
387,476508,8091.390500000
388,476509,8091.402975000
389,476510,8091.419647000
390,476511,8091.436828000
391,476512,8091.457333000
392,476513,8091.469784000
393,476514,8091.486334000
394,476515,8091.503322000
395,476516,8091.521876000
396,476517,8091.538221000
397,476518,8091.553029000
398,476519,8091.571761000
399,476520,8091.590232000
400,476521,8091.602971000
401,476522,8091.619740000
402,476523,8091.638377000
403,476524,8091.655854000
404,476525,8091.669521000
405,476526,8091.686590000
406,476527,8091.704782000
407,476528,8091.723633000
408,476529,8091.738401000
409,476530,8091.753113000
410,476531,8091.771581000
411,476532,8091.790551000
412,476533,8091.804602000
413,476534,8091.819408000
414,476535,8091.838321000
415,476536,8091.857340000
416,476537,8091.871521000
417,476538,8091.886268000
418,476539,8091.904676000
419,476540,8091.922294000
420,476541,8091.936377000
421,476542,8091.953310000
422,476543,8091.969933000
423,476544,8091.990340000
424,476545,8092.002856000
425,476546,8092.020002000
426,476547,8092.038050000
427,476548,8092.055652000
428,476549,8092.069655000
429,476550,8092.086565000
430,476551,8092.102695000
431,476552,8092.122164000
432,476553,8092.136191000
433,476554,8092.153362000
434,476555,8092.169298000
435,476556,8092.190388000
436,476557,8092.202857000
437,476558,8092.219965000
438,476559,8092.235881000
439,476560,8092.256459000
440,476561,8092.269498000
441,476562,8092.286668000
442,476563,8092.302684000
443,476564,8092.322930000
444,476565,8092.336304000
445,476566,8092.353362000
446,476567,8092.369252000
447,476568,8092.390096000
448,476569,8092.402757000
449,476570,8092.420076000
450,476571,8092.435976000
451,476572,8092.456531000
452,476573,8092.469523000
453,476574,8092.486547000
454,476575,8092.502459000
455,476576,8092.523158000
456,476577,8092.535790000
457,476578,8092.553015000
458,476579,8092.569251000
459,476580,8092.589448000
460,476581,8092.602805000
461,476582,8092.619926000
462,476583,8092.635987000
463,476584,8092.656291000
464,476585,8092.669070000
465,476586,8092.686149000
466,476587,8092.702743000
467,476588,8092.721934000
468,476589,8092.736002000
469,476590,8092.753251000
470,476591,8092.769292000
471,476592,8092.790426000
472,476593,8092.802606000
473,476594,8092.820311000
474,476595,8092.835654000
475,476596,8092.856197000
476,476597,8092.869292000
477,476598,8092.887110000
478,476599,8092.902525000
479,476600,8092.922837000
480,476601,8092.935575000
481,476602,8092.952684000
482,476603,8092.969218000
483,476604,8092.989511000
484,476605,8093.002086000
485,476606,8093.019143000
486,476607,8093.035191000
487,476608,8093.054740000
488,476609,8093.068940000
489,476610,8093.087076000
490,476611,8093.102241000
491,476612,8093.122490000
492,476613,8093.135479000
493,476614,8093.152307000
494,476615,8093.168293000
495,476616,8093.188874000
496,476617,8093.202097000
497,476618,8093.219098000
498,476619,8093.235621000
499,476620,8093.255794000
500,476621,8093.268402000
501,476622,8093.285702000
502,476623,8093.301584000
503,476624,8093.320520000
504,476625,8093.335805000
505,476626,8093.352031000
506,476627,8093.368917000
507,476628,8093.390603000
508,476629,8093.403348000
509,476630,8093.419440000
510,476631,8093.435097000
511,476632,8093.455754000
512,476633,8093.469995000
513,476634,8093.485568000
514,476635,8093.501669000
515,476636,8093.521727000
516,476637,8093.536408000
517,476638,8093.553044000
518,476639,8093.570036000
519,476640,8093.587536000
520,476641,8093.603280000
521,476642,8093.619155000
522,476643,8093.634982000
523,476644,8093.655486000
524,476645,8093.669693000
525,476646,8093.686744000
526,476647,8093.703106000
527,476648,8093.722332000
528,476649,8093.736894000
529,476650,8093.751556000
530,476651,8093.768634000
531,476652,8093.789154000
532,476653,8093.803075000
533,476654,8093.819636000
534,476655,8093.835233000
535,476656,8093.855832000
536,476657,8093.870021000
537,476658,8093.885660000
538,476659,8093.901238000
539,476660,8093.920655000
540,476661,8093.934831000
541,476662,8093.953101000
542,476663,8093.968537000
543,476664,8093.990098000
544,476665,8094.003841000
545,476666,8094.018586000
546,476667,8094.035036000
547,476668,8094.055474000
548,476669,8094.068927000
549,476670,8094.086866000
550,476671,8094.102266000
551,476672,8094.122592000
552,476673,8094.134482000
553,476674,8094.151766000
554,476675,8094.167696000
555,476676,8094.189071000
556,476677,8094.202435000
557,476678,8094.217533000
558,476679,8094.235661000
559,476680,8094.255987000
560,476681,8094.268996000
561,476682,8094.286073000
562,476683,8094.301142000
563,476684,8094.322481000
564,476685,8094.335774000
565,476686,8094.352488000
566,476687,8094.368951000
567,476688,8094.389359000
568,476689,8094.402269000
569,476690,8094.419444000
570,476691,8094.434199000
571,476692,8094.455560000
572,476693,8094.469123000
573,476694,8094.485101000
574,476695,8094.502152000
575,476696,8094.520775000
576,476697,8094.534116000
577,476698,8094.551738000
578,476699,8094.568821000
579,476700,8094.589347000
580,476701,8094.601094000
581,476702,8094.618645000
582,476703,8094.634144000
583,476704,8094.655210000
584,476705,8094.668892000
585,476706,8094.685697000
586,476707,8094.700750000
587,476708,8094.721638000
588,476709,8094.734302000
589,476710,8094.751817000
590,476711,8094.768721000
591,476712,8094.788897000
592,476713,8094.800724000
593,476714,8094.818347000
594,476715,8094.835444000
595,476716,8094.855264000
596,476717,8094.867375000
597,476718,8094.885153000
598,476719,8094.900595000
599,476720,8094.921263000
600,476721,8094.933958000
601,476722,8094.951447000
602,476723,8094.969046000
603,476724,8094.989371000
604,476725,8095.000837000
605,476726,8095.018594000
606,476727,8095.033855000
607,476728,8095.055300000
608,476729,8095.067158000
609,476730,8095.085425000
610,476731,8095.100650000
611,476732,8095.120597000
612,476733,8095.133791000
613,476734,8095.152069000
614,476735,8095.167094000
615,476736,8095.189385000
616,476737,8095.200776000
617,476738,8095.218494000
618,476739,8095.234003000
619,476740,8095.254813000
620,476741,8095.267113000
621,476742,8095.285207000
622,476743,8095.300284000
623,476744,8095.321514000
624,476745,8095.333705000
625,476746,8095.350305000
626,476747,8095.367597000
627,476748,8095.388352000
628,476749,8095.400325000
629,476750,8095.418641000
630,476751,8095.433503000
631,476752,8095.454355000
632,476753,8095.467065000
633,476754,8095.483916000
634,476755,8095.502141000
635,476756,8095.521896000
636,476757,8095.533477000
637,476758,8095.551726000
638,476759,8095.567240000
639,476760,8095.588501000
640,476761,8095.600361000
641,476762,8095.617076000
642,476763,8095.633983000
643,476764,8095.654906000
644,476765,8095.666784000
645,476766,8095.684895000
646,476767,8095.700513000
647,476768,8095.720453000
648,476769,8095.733547000
649,476770,8095.750137000
650,476771,8095.768909000
651,476772,8095.789955000
652,476773,8095.802145000
653,476774,8095.817271000
654,476775,8095.833280000
655,476776,8095.854322000
656,476777,8095.866842000
657,476778,8095.883764000
658,476779,8095.901091000
659,476780,8095.922136000
660,476781,8095.933436000
661,476782,8095.951479000
662,476783,8095.967151000
663,476784,8095.988490000
664,476785,8095.999952000
665,476786,8096.016820000
666,476787,8096.034749000
667,476788,8096.055420000
668,476789,8096.066745000
669,476790,8096.084812000
670,476791,8096.100445000
671,476792,8096.121681000
672,476793,8096.133137000
673,476794,8096.149937000
674,476795,8096.167552000
675,476796,8096.188136000
676,476797,8096.199680000
677,476798,8096.218459000
678,476799,8096.234044000
679,476800,8096.254835000
680,476801,8096.266355000
681,476802,8096.283235000
682,476803,8096.300975000
683,476804,8096.320295000
684,476805,8096.333014000
685,476806,8096.349959000
686,476807,8096.367934000
687,476808,8096.389765000
688,476809,8096.402015000
689,476810,8096.417153000
690,476811,8096.432995000
691,476812,8096.454235000
692,476813,8096.466269000
693,476814,8096.484893000
694,476815,8096.500464000
695,476816,8096.521215000
696,476817,8096.532907000
697,476818,8096.550004000
698,476819,8096.566548000
699,476820,8096.587679000
700,476821,8096.599588000
701,476822,8096.616495000
702,476823,8096.633276000
703,476824,8096.654303000
704,476825,8096.666245000
705,476826,8096.683457000
706,476827,8096.699421000
707,476828,8096.720336000
708,476829,8096.732994000
709,476830,8096.749961000
710,476831,8096.766037000
711,476832,8096.787145000
712,476833,8096.799345000
713,476834,8096.816789000
714,476835,8096.832591000
715,476836,8096.853572000
716,476837,8096.866243000
717,476838,8096.883208000
718,476839,8096.899304000
719,476840,8096.918817000
720,476841,8096.932680000
721,476842,8096.951466000
722,476843,8096.965828000
723,476844,8096.988096000
724,476845,8096.999638000
725,476846,8097.016547000
726,476847,8097.032506000
727,476848,8097.053571000
728,476849,8097.065788000
729,476850,8097.084876000
730,476851,8097.099134000
731,476852,8097.120430000
732,476853,8097.132855000
733,476854,8097.149698000
734,476855,8097.165739000
735,476856,8097.186698000
736,476857,8097.199062000
737,476858,8097.217491000
738,476859,8097.232992000
739,476860,8097.253448000
740,476861,8097.266059000
741,476862,8097.283024000
742,476863,8097.298997000
743,476864,8097.320039000
744,476865,8097.332242000
745,476866,8097.351375000
746,476867,8097.365888000
747,476868,8097.386973000
748,476869,8097.398961000
749,476870,8097.416425000
750,476871,8097.432750000
751,476872,8097.453902000
752,476873,8097.465576000
753,476874,8097.484826000
754,476875,8097.499192000
755,476876,8097.518858000
756,476877,8097.532244000
757,476878,8097.549811000
758,476879,8097.565994000
759,476880,8097.588021000
760,476881,8097.599367000
761,476882,8097.616083000
762,476883,8097.632698000
763,476884,8097.653700000
764,476885,8097.665462000
765,476886,8097.682977000
766,476887,8097.699190000
767,476888,8097.720458000
768,476889,8097.732164000
769,476890,8097.749495000
770,476891,8097.765426000
771,476892,8097.786031000
772,476893,8097.798703000
773,476894,8097.815667000
774,476895,8097.832923000
775,476896,8097.852941000
776,476897,8097.865491000
777,476898,8097.882219000
778,476899,8097.899025000
779,476900,8097.919104000
780,476901,8097.931867000
781,476902,8097.949982000
782,476903,8097.965586000
783,476904,8097.985474000
784,476905,8097.998712000
785,476906,8098.015756000
786,476907,8098.032449000
787,476908,8098.052487000
788,476909,8098.065163000
789,476910,8098.083264000
790,476911,8098.098441000
791,476912,8098.117081000
792,476913,8098.132005000
793,476914,8098.149111000
794,476915,8098.165397000
795,476916,8098.186871000
796,476917,8098.198317000
797,476918,8098.216694000
798,476919,8098.231724000
799,476920,8098.252450000
800,476921,8098.265102000
801,476922,8098.282407000
802,476923,8098.298789000
803,476924,8098.318914000
804,476925,8098.331572000
805,476926,8098.350156000
806,476927,8098.365079000
807,476928,8098.385766000
808,476929,8098.398234000
809,476930,8098.416136000
810,476931,8098.431999000
811,476932,8098.453035000
812,476933,8098.465086000
813,476934,8098.482977000
814,476935,8098.498362000
815,476936,8098.519626000
816,476937,8098.531502000
817,476938,8098.549568000
818,476939,8098.565036000
819,476940,8098.586053000
820,476941,8098.598250000
821,476942,8098.616099000
822,476943,8098.631679000
823,476944,8098.652803000
824,476945,8098.664772000
825,476946,8098.682846000
826,476947,8098.698295000
827,476948,8098.716337000
828,476949,8098.731905000
829,476950,8098.747966000
830,476951,8098.765207000
831,476952,8098.787353000
832,476953,8098.799096000
833,476954,8098.816198000
834,476955,8098.831607000
835,476956,8098.852721000
836,476957,8098.864673000
837,476958,8098.881097000
838,476959,8098.898251000
839,476960,8098.918987000
840,476961,8098.931171000
841,476962,8098.949482000
842,476963,8098.964587000
843,476964,8098.985980000
844,476965,8098.998472000
845,476966,8099.014397000
846,476967,8099.031606000
847,476968,8099.052536000
848,476969,8099.064502000
849,476970,8099.082671000
850,476971,8099.097948000
851,476972,8099.115326000
852,476973,8099.131544000
853,476974,8099.148154000
854,476975,8099.164454000
855,476976,8099.181499000
856,476977,8099.198111000
857,476978,8099.214842000
858,476979,8099.231418000
859,476980,8099.248834000
860,476981,8099.264519000
861,476982,8099.281355000
862,476983,8099.297643000
863,476984,8099.314428000
864,476985,8099.331216000
865,476986,8099.348066000
866,476987,8099.364655000
867,476988,8099.383452000
868,476989,8099.398028000
869,476990,8099.414442000
870,476991,8099.432081000
871,476992,8099.447720000
872,476993,8099.464545000
873,476994,8099.481269000
874,476995,8099.498041000
875,476996,8099.517105000
876,476997,8099.530836000
877,476998,8099.547713000
878,476999,8099.564534000
879,477000,8099.581524000
880,477001,8099.597555000
881,477002,8099.614297000
882,477003,8099.631486000
883,477004,8099.651645000
884,477005,8099.664227000
885,477006,8099.680738000
886,477007,8099.697606000
887,477008,8099.714843000
888,477009,8099.730992000
889,477010,8099.747694000
890,477011,8099.764564000
891,477012,8099.783482000
892,477013,8099.797434000
893,477014,8099.814022000
894,477015,8099.830983000
895,477016,8099.848196000
896,477017,8099.864147000
897,477018,8099.880449000
898,477019,8099.897672000
899,477020,8099.913809000
900,477021,8099.931232000
901,477022,8099.947644000
902,477023,8099.964231000
903,477024,8099.986122000
904,477025,8099.997717000
905,477026,8100.013762000
906,477027,8100.031420000
907,477028,8100.050408000
908,477029,8100.063756000
909,477030,8100.080561000
910,477031,8100.097435000
911,477032,8100.116543000
912,477033,8100.131092000
913,477034,8100.147154000
914,477035,8100.164316000
915,477036,8100.184472000
916,477037,8100.197061000
917,477038,8100.213836000
918,477039,8100.230857000
919,477040,8100.248153000
920,477041,8100.264185000
921,477042,8100.280341000
922,477043,8100.297433000
923,477044,8100.314557000
924,477045,8100.330270000
925,477046,8100.347521000
926,477047,8100.363825000
927,477048,8100.381043000
928,477049,8100.397701000
929,477050,8100.413656000
930,477051,8100.430554000
931,477052,8100.448223000
932,477053,8100.463722000
933,477054,8100.480540000
934,477055,8100.497428000
935,477056,8100.513364000
936,477057,8100.530767000
937,477058,8100.547134000
938,477059,8100.564430000
939,477060,8100.586407000
940,477061,8100.597689000
941,477062,8100.614012000
942,477063,8100.630751000
943,477064,8100.651438000
944,477065,8100.663458000
945,477066,8100.680580000
946,477067,8100.696701000
947,477068,8100.714459000
948,477069,8100.730081000
949,477070,8100.747319000
950,477071,8100.764176000
951,477072,8100.781506000
952,477073,8100.796720000
953,477074,8100.814015000
954,477075,8100.830010000
955,477076,8100.848008000
956,477077,8100.863286000
957,477078,8100.880407000
958,477079,8100.897668000
959,477080,8100.919269000
960,477081,8100.930872000
961,477082,8100.947155000
962,477083,8100.963282000
963,477084,8100.981057000
964,477085,8100.996634000
965,477086,8101.013658000
966,477087,8101.030521000
967,477088,8101.052277000
968,477089,8101.063916000
969,477090,8101.080433000
970,477091,8101.096445000
971,477092,8101.114005000
972,477093,8101.130128000
973,477094,8101.147180000
974,477095,8101.163232000
975,477096,8101.185789000
976,477097,8101.197392000
977,477098,8101.213903000
978,477099,8101.229900000
979,477100,8101.247767000
980,477101,8101.263280000
981,477102,8101.280362000
982,477103,8101.296373000
983,477104,8101.314118000
984,477105,8101.329721000
985,477106,8101.347150000
986,477107,8101.363073000
987,477108,8101.380847000
988,477109,8101.396546000
989,477110,8101.413663000
990,477111,8101.431031000
991,477112,8101.452166000
992,477113,8101.463654000
993,477114,8101.480513000
994,477115,8101.496797000
995,477116,8101.514034000
996,477117,8101.530029000
997,477118,8101.547023000
998,477119,8101.563022000
999,477120,8101.580496000
1000,477121,8101.596165000
1001,477122,8101.614039000
1002,477123,8101.629760000
1003,477124,8101.647590000
1004,477125,8101.663040000
1005,477126,8101.680472000
1006,477127,8101.696250000
1007,477128,8101.713604000
1008,477129,8101.729472000
1009,477130,8101.747213000
1010,477131,8101.763131000
1011,477132,8101.785385000
1012,477133,8101.796968000
1013,477134,8101.813808000
1014,477135,8101.829459000
1015,477136,8101.847134000
1016,477137,8101.862686000
1017,477138,8101.880519000
1018,477139,8101.896237000
1019,477140,8101.913999000
1020,477141,8101.929395000
1021,477142,8101.947200000
1022,477143,8101.962619000
1023,477144,8101.980425000
1024,477145,8101.995996000
1025,477146,8102.013860000
1026,477147,8102.029627000
1027,477148,8102.048902000
1028,477149,8102.062599000
1029,477150,8102.080346000
1030,477151,8102.095854000
1031,477152,8102.113576000
1032,477153,8102.129436000
1033,477154,8102.147094000
1034,477155,8102.162996000
1035,477156,8102.181979000
1036,477157,8102.195963000
1037,477158,8102.213641000
1038,477159,8102.229288000
1039,477160,8102.247149000
1040,477161,8102.262713000
1041,477162,8102.280359000
1042,477163,8102.296130000
1043,477164,8102.312442000
1044,477165,8102.329891000
1045,477166,8102.346680000
1046,477167,8102.362365000
1047,477168,8102.381024000
1048,477169,8102.396045000
1049,477170,8102.412537000
1050,477171,8102.429873000
1051,477172,8102.448042000
1052,477173,8102.462305000
1053,477174,8102.479943000
1054,477175,8102.495648000
1055,477176,8102.513401000
1056,477177,8102.529493000
1057,477178,8102.546526000
1058,477179,8102.562335000
1059,477180,8102.580061000
1060,477181,8102.595553000
1061,477182,8102.613279000
1062,477183,8102.630360000
1063,477184,8102.647313000
1064,477185,8102.662533000
1065,477186,8102.679750000
1066,477187,8102.695519000
1067,477188,8102.713086000
1068,477189,8102.729400000
1069,477190,8102.746404000
1070,477191,8102.762313000
1071,477192,8102.780203000
1072,477193,8102.795718000
1073,477194,8102.812846000
1074,477195,8102.829819000
1075,477196,8102.848052000
1076,477197,8102.862044000
1077,477198,8102.879690000
1078,477199,8102.895653000
1079,477200,8102.912475000
1080,477201,8102.929771000
1081,477202,8102.945927000
1082,477203,8102.962104000
1083,477204,8102.981321000
1084,477205,8102.995230000
1085,477206,8103.012785000
1086,477207,8103.029985000
1087,477208,8103.048016000
1088,477209,8103.061878000
1089,477210,8103.079232000
1090,477211,8103.095210000
1091,477212,8103.113113000
1092,477213,8103.129203000
1093,477214,8103.146125000
1094,477215,8103.162740000
1095,477216,8103.181068000
1096,477217,8103.195188000
1097,477218,8103.212609000
1098,477219,8103.229004000
1099,477220,8103.246845000
1100,477221,8103.261980000
1101,477222,8103.279598000
1102,477223,8103.295438000
1103,477224,8103.313304000
1104,477225,8103.329118000
1105,477226,8103.346081000
1106,477227,8103.361847000
1107,477228,8103.380248000
1108,477229,8103.395252000
1109,477230,8103.412892000
1110,477231,8103.429462000
1111,477232,8103.447576000
1112,477233,8103.461741000
1113,477234,8103.479569000
1114,477235,8103.495152000
1115,477236,8103.512624000
1116,477237,8103.529395000
1117,477238,8103.546086000
1118,477239,8103.561863000
1119,477240,8103.581270000
1120,477241,8103.595094000
1121,477242,8103.612718000
1122,477243,8103.628173000
1123,477244,8103.645480000
1124,477245,8103.662311000
1125,477246,8103.679332000
1126,477247,8103.694867000
1127,477248,8103.712547000
1128,477249,8103.728083000
1129,477250,8103.746554000
1130,477251,8103.761860000
1131,477252,8103.779722000
1132,477253,8103.795245000
1133,477254,8103.812477000
1134,477255,8103.828322000
1135,477256,8103.846707000
1136,477257,8103.861581000
1137,477258,8103.879225000
1138,477259,8103.895252000
1139,477260,8103.913322000
1140,477261,8103.928032000
1141,477262,8103.946310000
1142,477263,8103.961612000
1143,477264,8103.979426000
1144,477265,8103.995068000
1145,477266,8104.012558000
1146,477267,8104.028052000
1147,477268,8104.046723000
1148,477269,8104.061952000
1149,477270,8104.078966000
1150,477271,8104.094904000
1151,477272,8104.112411000
1152,477273,8104.127806000
1153,477274,8104.145976000
1154,477275,8104.161872000
1155,477276,8104.181076000
1156,477277,8104.195246000
1157,477278,8104.211226000
1158,477279,8104.228294000
1159,477280,8104.246672000
1160,477281,8104.261596000
1161,477282,8104.278890000
1162,477283,8104.295193000
1163,477284,8104.313980000
1164,477285,8104.327861000
1165,477286,8104.345943000
1166,477287,8104.361601000
1167,477288,8104.379504000
1168,477289,8104.394853000
1169,477290,8104.412350000
1170,477291,8104.427732000
1171,477292,8104.445518000
1172,477293,8104.461668000
1173,477294,8104.479280000
1174,477295,8104.494804000
1175,477296,8104.511563000
1176,477297,8104.527645000
1177,477298,8104.546261000
1178,477299,8104.561646000
1179,477300,8104.579537000
1180,477301,8104.594783000
1181,477302,8104.612646000
1182,477303,8104.627456000
1183,477304,8104.645049000
1184,477305,8104.662010000
1185,477306,8104.679115000
1186,477307,8104.694908000
1187,477308,8104.712124000
1188,477309,8104.727348000
1189,477310,8104.745936000
1190,477311,8104.761136000
1191,477312,8104.780682000
1192,477313,8104.794784000
1193,477314,8104.812335000
1194,477315,8104.827514000
1195,477316,8104.845277000
1196,477317,8104.860576000
1197,477318,8104.879270000
1198,477319,8104.893963000
1199,477320,8104.912614000
1200,477321,8104.927425000
1201,477322,8104.946346000
1202,477323,8104.961499000
1203,477324,8104.978628000
1204,477325,8104.993902000
1205,477326,8105.012328000
1206,477327,8105.027275000
1207,477328,8105.045335000
1208,477329,8105.060615000
1209,477330,8105.078709000
1210,477331,8105.093848000
1211,477332,8105.111648000
1212,477333,8105.127125000
1213,477334,8105.145842000
1214,477335,8105.160566000
1215,477336,8105.177106000
1216,477337,8105.194976000
1217,477338,8105.210858000
1218,477339,8105.227330000
1219,477340,8105.246579000
1220,477341,8105.260464000
1221,477342,8105.278715000
1222,477343,8105.293912000
1223,477344,8105.310495000
1224,477345,8105.327715000
1225,477346,8105.345431000
1226,477347,8105.360343000
1227,477348,8105.380242000
1228,477349,8105.393631000
1229,477350,8105.412118000
1230,477351,8105.427222000
1231,477352,8105.445325000
1232,477353,8105.460475000
1233,477354,8105.478722000
1234,477355,8105.493588000
1235,477356,8105.511476000
1236,477357,8105.527003000
1237,477358,8105.545765000
1238,477359,8105.560381000
1239,477360,8105.577000000
1240,477361,8105.594047000
1241,477362,8105.612042000
1242,477363,8105.626808000
1243,477364,8105.644932000
1244,477365,8105.660281000
1245,477366,8105.678780000
1246,477367,8105.693552000
1247,477368,8105.710666000
1248,477369,8105.727132000
1249,477370,8105.745804000
1250,477371,8105.760007000
1251,477372,8105.778174000
1252,477373,8105.793573000
1253,477374,8105.812184000
1254,477375,8105.827086000
1255,477376,8105.846110000
1256,477377,8105.860015000
1257,477378,8105.878798000
1258,477379,8105.893325000
1259,477380,8105.911437000
1260,477381,8105.927024000
1261,477382,8105.945439000
1262,477383,8105.960126000
1263,477384,8105.979488000
1264,477385,8105.993329000
1265,477386,8106.011961000
1266,477387,8106.026861000
1267,477388,8106.044768000
1268,477389,8106.060206000
1269,477390,8106.078544000
1270,477391,8106.093500000
1271,477392,8106.110529000
1272,477393,8106.127286000
1273,477394,8106.145534000
1274,477395,8106.159991000
1275,477396,8106.178437000
1276,477397,8106.193411000
1277,477398,8106.210260000
1278,477399,8106.227214000
1279,477400,8106.245069000
1280,477401,8106.259836000
1281,477402,8106.278660000
1282,477403,8106.293335000
1283,477404,8106.311442000
1284,477405,8106.326909000
1285,477406,8106.345335000
1286,477407,8106.360008000
1287,477408,8106.378438000
1288,477409,8106.393053000
1289,477410,8106.411967000
1290,477411,8106.426983000
1291,477412,8106.444002000
1292,477413,8106.460150000
1293,477414,8106.478482000
1294,477415,8106.493347000
1295,477416,8106.511092000
1296,477417,8106.526202000
1297,477418,8106.544154000
1298,477419,8106.559990000
1299,477420,8106.580020000
1300,477421,8106.593109000
1301,477422,8106.611352000
1302,477423,8106.626182000
1303,477424,8106.644714000
1304,477425,8106.659868000
1305,477426,8106.678625000
1306,477427,8106.693260000
1307,477428,8106.711176000
1308,477429,8106.726135000
1309,477430,8106.744413000
1310,477431,8106.759496000
1311,477432,8106.777498000
1312,477433,8106.793066000
1313,477434,8106.810807000
1314,477435,8106.826056000
1315,477436,8106.845748000
1316,477437,8106.859722000
1317,477438,8106.877398000
1318,477439,8106.892823000
1319,477440,8106.910902000
1320,477441,8106.926160000
1321,477442,8106.944606000
1322,477443,8106.959785000
1323,477444,8106.978101000
1324,477445,8106.992773000
1325,477446,8107.011335000
1326,477447,8107.025780000
1327,477448,8107.043785000
1328,477449,8107.059628000
1329,477450,8107.078045000
1330,477451,8107.093075000
1331,477452,8107.111862000
1332,477453,8107.125754000
1333,477454,8107.145207000
1334,477455,8107.160670000
1335,477456,8107.177743000
1336,477457,8107.193024000
1337,477458,8107.211112000
1338,477459,8107.225725000
1339,477460,8107.245157000
1340,477461,8107.259921000
1341,477462,8107.278040000
1342,477463,8107.292914000
1343,477464,8107.309853000
1344,477465,8107.325646000
1345,477466,8107.344374000
1346,477467,8107.359067000
1347,477468,8107.377715000
1348,477469,8107.392223000
1349,477470,8107.409887000
1350,477471,8107.425646000
1351,477472,8107.442962000
1352,477473,8107.459374000
1353,477474,8107.477659000
1354,477475,8107.492126000
1355,477476,8107.509942000
1356,477477,8107.525448000
1357,477478,8107.544464000
1358,477479,8107.559538000
1359,477480,8107.575922000
1360,477481,8107.592806000
1361,477482,8107.610975000
1362,477483,8107.625391000
1363,477484,8107.642757000
1364,477485,8107.659077000
1365,477486,8107.677461000
1366,477487,8107.692795000
1367,477488,8107.709471000
1368,477489,8107.725491000
1369,477490,8107.744702000
1370,477491,8107.758595000
1371,477492,8107.776329000
1372,477493,8107.792018000
1373,477494,8107.809684000
1374,477495,8107.825362000
1375,477496,8107.842921000
1376,477497,8107.858552000
1377,477498,8107.877713000
1378,477499,8107.892495000
1379,477500,8107.909737000
1380,477501,8107.925297000
1381,477502,8107.942060000
1382,477503,8107.959239000
1383,477504,8107.975541000
1384,477505,8107.992812000
1385,477506,8108.009849000
1386,477507,8108.025090000
1387,477508,8108.042202000
1388,477509,8108.059089000
1389,477510,8108.077704000
1390,477511,8108.092293000
1391,477512,8108.110191000
1392,477513,8108.125021000
1393,477514,8108.144072000
1394,477515,8108.158278000
1395,477516,8108.176119000
1396,477517,8108.191872000
1397,477518,8108.209212000
1398,477519,8108.225019000
1399,477520,8108.243376000
1400,477521,8108.258277000
1401,477522,8108.277508000
1402,477523,8108.291591000
1403,477524,8108.309573000
1404,477525,8108.325102000
1405,477526,8108.344330000
1406,477527,8108.358257000
1407,477528,8108.376543000
1408,477529,8108.391523000
1409,477530,8108.410195000
1410,477531,8108.424870000
1411,477532,8108.442725000
1412,477533,8108.458311000
1413,477534,8108.476509000
1414,477535,8108.491438000
1415,477536,8108.510068000
1416,477537,8108.524752000
1417,477538,8108.543731000
1418,477539,8108.558253000
1419,477540,8108.575623000
1420,477541,8108.591982000
1421,477542,8108.610200000
1422,477543,8108.624713000
1423,477544,8108.643282000
1424,477545,8108.658054000
1425,477546,8108.675654000
1426,477547,8108.692012000
1427,477548,8108.710011000
1428,477549,8108.724690000
1429,477550,8108.743739000
1430,477551,8108.757960000
1431,477552,8108.775541000
1432,477553,8108.791212000
1433,477554,8108.809720000
1434,477555,8108.824727000
1435,477556,8108.842189000
1436,477557,8108.858602000
1437,477558,8108.875678000
1438,477559,8108.891144000
1439,477560,8108.908263000
1440,477561,8108.924968000
1441,477562,8108.943922000
1442,477563,8108.958045000
1443,477564,8108.976054000
1444,477565,8108.991334000
1445,477566,8109.010030000
1446,477567,8109.024407000
1447,477568,8109.041523000
1448,477569,8109.058260000
1449,477570,8109.075867000
1450,477571,8109.091098000
1451,477572,8109.109313000
1452,477573,8109.124324000
1453,477574,8109.143841000
1454,477575,8109.157634000
1455,477576,8109.175163000
1456,477577,8109.191149000
1457,477578,8109.210413000
1458,477579,8109.224310000
1459,477580,8109.242057000
1460,477581,8109.257695000
1461,477582,8109.276739000
1462,477583,8109.290979000
1463,477584,8109.308165000
1464,477585,8109.324843000
1465,477586,8109.343889000
1466,477587,8109.357649000
1467,477588,8109.374886000
1468,477589,8109.390849000
1469,477590,8109.409803000
1470,477591,8109.424154000
1471,477592,8109.441444000
1472,477593,8109.458122000
1473,477594,8109.476367000
1474,477595,8109.490858000
1475,477596,8109.507936000
1476,477597,8109.524600000
1477,477598,8109.543313000
1478,477599,8109.557496000
1479,477600,8109.576543000
1480,477601,8109.590788000
1481,477602,8109.609764000
1482,477603,8109.624221000
1483,477604,8109.641639000
1484,477605,8109.657379000
1485,477606,8109.674980000
1486,477607,8109.690858000
1487,477608,8109.708972000
1488,477609,8109.724010000
1489,477610,8109.743167000
1490,477611,8109.757280000
1491,477612,8109.774868000
1492,477613,8109.790594000
1493,477614,8109.809576000
1494,477615,8109.824111000
1495,477616,8109.841424000
1496,477617,8109.857278000
1497,477618,8109.876557000
1498,477619,8109.890528000
1499,477620,8109.907988000
1500,477621,8109.923888000
1501,477622,8109.943090000
1502,477623,8109.957404000
1503,477624,8109.975061000
1504,477625,8109.990570000
1505,477626,8110.009784000
1506,477627,8110.023783000
1507,477628,8110.041944000
1508,477629,8110.057144000
1509,477630,8110.075045000
1510,477631,8110.090528000
1511,477632,8110.107261000
1512,477633,8110.124093000
1513,477634,8110.143236000
1514,477635,8110.157056000
1515,477636,8110.174992000
1516,477637,8110.190479000
1517,477638,8110.208158000
1518,477639,8110.223660000
1519,477640,8110.241198000
1520,477641,8110.256974000
1521,477642,8110.275316000
1522,477643,8110.290259000
1523,477644,8110.308057000
1524,477645,8110.323745000
1525,477646,8110.343064000
1526,477647,8110.356962000
1527,477648,8110.374141000
1528,477649,8110.390201000
1529,477650,8110.409370000
1530,477651,8110.423512000
1531,477652,8110.440689000
1532,477653,8110.457458000
1533,477654,8110.475759000
1534,477655,8110.490189000
1535,477656,8110.507596000
1536,477657,8110.523428000
1537,477658,8110.543007000
1538,477659,8110.556770000
1539,477660,8110.573692000
1540,477661,8110.590739000
1541,477662,8110.609118000
1542,477663,8110.624313000
1543,477664,8110.640366000
1544,477665,8110.657196000
1545,477666,8110.675820000
1546,477667,8110.690059000
1547,477668,8110.707291000
1548,477669,8110.723388000
1549,477670,8110.742538000
1550,477671,8110.756584000
1551,477672,8110.774629000
1552,477673,8110.789962000
1553,477674,8110.808967000
1554,477675,8110.823381000
1555,477676,8110.840209000
1556,477677,8110.857171000
1557,477678,8110.875893000
1558,477679,8110.889897000
1559,477680,8110.907586000
1560,477681,8110.923195000
1561,477682,8110.942820000
1562,477683,8110.956724000
1563,477684,8110.974034000
1564,477685,8110.989858000
1565,477686,8111.009154000
1566,477687,8111.023175000
1567,477688,8111.041003000
1568,477689,8111.056462000
1569,477690,8111.075551000
1570,477691,8111.089924000
1571,477692,8111.107288000
1572,477693,8111.123173000
1573,477694,8111.142587000
1574,477695,8111.156362000
1575,477696,8111.173980000
1576,477697,8111.189686000
1577,477698,8111.208805000
1578,477699,8111.223174000
1579,477700,8111.240016000
1580,477701,8111.256415000
1581,477702,8111.275629000
1582,477703,8111.289628000
1583,477704,8111.307053000
1584,477705,8111.323023000
1585,477706,8111.342805000
1586,477707,8111.356229000
1587,477708,8111.374256000
1588,477709,8111.389542000
1589,477710,8111.409242000
1590,477711,8111.422836000
1591,477712,8111.440625000
1592,477713,8111.456284000
1593,477714,8111.475437000
1594,477715,8111.489530000
1595,477716,8111.507119000
1596,477717,8111.522756000
1597,477718,8111.542580000
1598,477719,8111.556095000
1599,477720,8111.572989000
1600,477721,8111.590113000
1601,477722,8111.608406000
1602,477723,8111.622829000
1603,477724,8111.640381000
1604,477725,8111.656065000
1605,477726,8111.675689000
1606,477727,8111.689395000
1607,477728,8111.707064000
1608,477729,8111.722877000
1609,477730,8111.742569000
1610,477731,8111.756105000
1611,477732,8111.773950000
1612,477733,8111.789300000
1613,477734,8111.808778000
1614,477735,8111.822707000
1615,477736,8111.840231000
1616,477737,8111.856039000
1617,477738,8111.875270000
1618,477739,8111.889371000
1619,477740,8111.907056000
1620,477741,8111.922580000
1621,477742,8111.942346000
1622,477743,8111.956078000
1623,477744,8111.974276000
1624,477745,8111.989251000
1625,477746,8112.008584000
1626,477747,8112.022531000
1627,477748,8112.040477000
1628,477749,8112.055841000
1629,477750,8112.075241000
1630,477751,8112.089358000
1631,477752,8112.106802000
1632,477753,8112.122464000
1633,477754,8112.141816000
1634,477755,8112.155708000
1635,477756,8112.173555000
1636,477757,8112.189112000
1637,477758,8112.208487000
1638,477759,8112.222569000
1639,477760,8112.239470000
1640,477761,8112.255800000
1641,477762,8112.275007000
1642,477763,8112.289066000
1643,477764,8112.306774000
1644,477765,8112.322323000
1645,477766,8112.341672000
1646,477767,8112.355805000
1647,477768,8112.373314000
1648,477769,8112.389019000
1649,477770,8112.408107000
1650,477771,8112.422256000
1651,477772,8112.439407000
1652,477773,8112.456050000
1653,477774,8112.474897000
1654,477775,8112.488934000
1655,477776,8112.506218000
1656,477777,8112.522112000
1657,477778,8112.541475000
1658,477779,8112.555465000
1659,477780,8112.573228000
1660,477781,8112.588979000
1661,477782,8112.608154000
1662,477783,8112.622141000
1663,477784,8112.639229000
1664,477785,8112.655897000
1665,477786,8112.674636000
1666,477787,8112.688711000
1667,477788,8112.706049000
1668,477789,8112.722666000
1669,477790,8112.741031000
1670,477791,8112.755430000
1671,477792,8112.772957000
1672,477793,8112.788610000
1673,477794,8112.807703000
1674,477795,8112.821962000
1675,477796,8112.839472000
1676,477797,8112.855475000
1677,477798,8112.873336000
1678,477799,8112.888638000
1679,477800,8112.906095000
1680,477801,8112.921862000
1681,477802,8112.941114000
1682,477803,8112.955300000
1683,477804,8112.972818000
1684,477805,8112.988585000
1685,477806,8113.007720000
1686,477807,8113.021878000
1687,477808,8113.039144000
1688,477809,8113.055157000
1689,477810,8113.072996000
1690,477811,8113.088632000
1691,477812,8113.106068000
1692,477813,8113.121757000
1693,477814,8113.141033000
1694,477815,8113.155112000
1695,477816,8113.173052000
1696,477817,8113.188366000
1697,477818,8113.206150000
1698,477819,8113.221869000
1699,477820,8113.239436000
1700,477821,8113.255042000
1701,477822,8113.273229000
1702,477823,8113.288360000
1703,477824,8113.305704000
1704,477825,8113.321612000
1705,477826,8113.340950000
1706,477827,8113.355103000
1707,477828,8113.372729000
1708,477829,8113.388391000
1709,477830,8113.407632000
1710,477831,8113.421554000
1711,477832,8113.438971000
1712,477833,8113.454862000
1713,477834,8113.474089000
1714,477835,8113.488338000
1715,477836,8113.506025000
1716,477837,8113.521551000
1717,477838,8113.540818000
1718,477839,8113.554789000
1719,477840,8113.572190000
1720,477841,8113.588168000
1721,477842,8113.606154000
1722,477843,8113.622168000
1723,477844,8113.639216000
1724,477845,8113.654688000
1725,477846,8113.673093000
1726,477847,8113.688127000
1727,477848,8113.705540000
1728,477849,8113.721524000
1729,477850,8113.739497000
1730,477851,8113.754684000
1731,477852,8113.772986000
1732,477853,8113.788034000
1733,477854,8113.806239000
1734,477855,8113.821241000
1735,477856,8113.838684000
1736,477857,8113.854766000
1737,477858,8113.872628000
1738,477859,8113.887994000
1739,477860,8113.905990000
1740,477861,8113.921172000
1741,477862,8113.939476000
1742,477863,8113.954549000
1743,477864,8113.972099000
1744,477865,8113.987967000
1745,477866,8114.005919000
1746,477867,8114.021188000
1747,477868,8114.039276000
1748,477869,8114.054475000
1749,477870,8114.072556000
1750,477871,8114.087813000
1751,477872,8114.105427000
1752,477873,8114.121193000
1753,477874,8114.139139000
1754,477875,8114.154442000
1755,477876,8114.172487000
1756,477877,8114.187708000
1757,477878,8114.205770000
1758,477879,8114.221141000
1759,477880,8114.238681000
1760,477881,8114.254319000
1761,477882,8114.272442000
1762,477883,8114.287611000
1763,477884,8114.305618000
1764,477885,8114.320889000
1765,477886,8114.338937000
1766,477887,8114.354420000
1767,477888,8114.372647000
1768,477889,8114.387614000
1769,477890,8114.405748000
1770,477891,8114.420837000
1771,477892,8114.438926000
1772,477893,8114.454198000
1773,477894,8114.472358000
1774,477895,8114.487741000
1775,477896,8114.505486000
1776,477897,8114.520935000
1777,477898,8114.539135000
1778,477899,8114.554120000
1779,477900,8114.572212000
1780,477901,8114.587525000
1781,477902,8114.605460000
1782,477903,8114.620890000
1783,477904,8114.638677000
1784,477905,8114.654070000
1785,477906,8114.672832000
1786,477907,8114.687326000
1787,477908,8114.705391000
1788,477909,8114.720705000
1789,477910,8114.740064000
1790,477911,8114.754057000
1791,477912,8114.772031000
1792,477913,8114.787308000
1793,477914,8114.805902000
1794,477915,8114.820570000
1795,477916,8114.838758000
1796,477917,8114.854113000
1797,477918,8114.872310000
1798,477919,8114.887288000
1799,477920,8114.905293000
1800,477921,8114.920545000
1801,477922,8114.939250000
1802,477923,8114.953810000
1803,477924,8114.972562000
1804,477925,8114.987376000
1805,477926,8115.005481000
1806,477927,8115.020583000
1807,477928,8115.038690000
1808,477929,8115.053739000
1809,477930,8115.070742000
1810,477931,8115.087511000
1811,477932,8115.105507000
1812,477933,8115.120595000
1813,477934,8115.138627000
1814,477935,8115.153857000
1815,477936,8115.172118000
1816,477937,8115.187049000
1817,477938,8115.203901000
1818,477939,8115.220818000
1819,477940,8115.238952000
1820,477941,8115.253749000
1821,477942,8115.272152000
1822,477943,8115.287035000
1823,477944,8115.305450000
1824,477945,8115.320218000
1825,477946,8115.337246000
1826,477947,8115.354114000
1827,477948,8115.372131000
1828,477949,8115.386917000
1829,477950,8115.405328000
1830,477951,8115.420183000
1831,477952,8115.437469000
1832,477953,8115.453519000
1833,477954,8115.470389000
1834,477955,8115.487480000
1835,477956,8115.503501000
1836,477957,8115.520314000
1837,477958,8115.538917000
1838,477959,8115.553465000
1839,477960,8115.572424000
1840,477961,8115.586779000
1841,477962,8115.603726000
1842,477963,8115.620675000
1843,477964,8115.638892000
1844,477965,8115.653407000
1845,477966,8115.670461000
1846,477967,8115.687228000
1847,477968,8115.705428000
1848,477969,8115.720031000
1849,477970,8115.736762000
1850,477971,8115.753965000
1851,477972,8115.770716000
1852,477973,8115.786767000
1853,477974,8115.803855000
1854,477975,8115.820511000
1855,477976,8115.838952000
1856,477977,8115.853348000
1857,477978,8115.870449000
1858,477979,8115.887254000
1859,477980,8115.904209000
1860,477981,8115.919883000
1861,477982,8115.938669000
1862,477983,8115.953205000
1863,477984,8115.969984000
1864,477985,8115.987022000
1865,477986,8116.003612000
1866,477987,8116.019916000
1867,477988,8116.038405000
1868,477989,8116.053123000
1869,477990,8116.070278000
1870,477991,8116.086865000
1871,477992,8116.103583000
1872,477993,8116.120389000
1873,477994,8116.136636000
1874,477995,8116.153786000
1875,477996,8116.172686000
1876,477997,8116.186389000
1877,477998,8116.203540000
1878,477999,8116.220120000
1879,478000,8116.237158000
1880,478001,8116.253211000
1881,478002,8116.270017000
1882,478003,8116.286357000
1883,478004,8116.303556000
1884,478005,8116.319622000
1885,478006,8116.336621000
1886,478007,8116.353375000
1887,478008,8116.370165000
1888,478009,8116.386308000
1889,478010,8116.403210000
1890,478011,8116.419997000
1891,478012,8116.438157000
1892,478013,8116.452830000
1893,478014,8116.469807000
1894,478015,8116.486735000
1895,478016,8116.503801000
1896,478017,8116.519665000
1897,478018,8116.536658000
1898,478019,8116.552801000
1899,478020,8116.570095000
1900,478021,8116.586119000
1901,478022,8116.603152000
1902,478023,8116.620047000
1903,478024,8116.637156000
1904,478025,8116.652767000
1905,478026,8116.669839000
1906,478027,8116.686606000
1907,478028,8116.703228000
1908,478029,8116.719737000
1909,478030,8116.736470000
1910,478031,8116.753305000
1911,478032,8116.772335000
1912,478033,8116.786173000
1913,478034,8116.803290000
1914,478035,8116.819262000
1915,478036,8116.837949000
1916,478037,8116.852632000
1917,478038,8116.869802000
1918,478039,8116.886542000
1919,478040,8116.903477000
1920,478041,8116.919371000
1921,478042,8116.936684000
1922,478043,8116.952510000
1923,478044,8116.969428000
1924,478045,8116.986282000
1925,478046,8117.003026000
1926,478047,8117.019286000
1927,478048,8117.036337000
1928,478049,8117.052384000
1929,478050,8117.069815000
1930,478051,8117.085683000
1931,478052,8117.102625000
1932,478053,8117.119611000
1933,478054,8117.136468000
1934,478055,8117.152500000
1935,478056,8117.169717000
1936,478057,8117.185667000
1937,478058,8117.203146000
1938,478059,8117.219014000
1939,478060,8117.236327000
1940,478061,8117.253008000
1941,478062,8117.269717000
1942,478063,8117.285807000
1943,478064,8117.303063000
1944,478065,8117.318927000
1945,478066,8117.336361000
1946,478067,8117.352212000
1947,478068,8117.370024000
1948,478069,8117.385730000
1949,478070,8117.402766000
1950,478071,8117.418967000
1951,478072,8117.436327000
1952,478073,8117.452140000
1953,478074,8117.469503000
1954,478075,8117.485562000
1955,478076,8117.502598000
1956,478077,8117.519384000
1957,478078,8117.536715000
1958,478079,8117.552173000
1959,478080,8117.569934000
1960,478081,8117.585458000
1961,478082,8117.603130000
1962,478083,8117.618925000
1963,478084,8117.636393000
1964,478085,8117.652135000
1965,478086,8117.670031000
1966,478087,8117.685285000
1967,478088,8117.703139000
1968,478089,8117.718703000
1969,478090,8117.736462000
1970,478091,8117.752156000
1971,478092,8117.769618000
1972,478093,8117.785495000
1973,478094,8117.803333000
1974,478095,8117.818646000
1975,478096,8117.836522000
1976,478097,8117.851950000
1977,478098,8117.869459000
1978,478099,8117.885412000
1979,478100,8117.902894000
1980,478101,8117.918659000
1981,478102,8117.936682000
1982,478103,8117.951812000
1983,478104,8117.969996000
1984,478105,8117.985189000
1985,478106,8118.002657000
1986,478107,8118.018655000
1987,478108,8118.036265000
1988,478109,8118.051790000
1989,478110,8118.069986000
1990,478111,8118.085256000
1991,478112,8118.103027000
1992,478113,8118.119816000
1993,478114,8118.135938000
1994,478115,8118.152853000
1995,478116,8118.169942000
1996,478117,8118.185524000
1997,478118,8118.202938000
1998,478119,8118.218842000
1999,478120,8118.236364000
2000,478121,8118.253109000
2001,478122,8118.269238000
2002,478123,8118.286673000
2003,478124,8118.303634000
2004,478125,8118.319527000
2005,478126,8118.336069000
2006,478127,8118.352073000
2007,478128,8118.369237000
2008,478129,8118.386536000
2009,478130,8118.402490000
2010,478131,8118.418525000
2011,478132,8118.435857000
2012,478133,8118.452795000
2013,478134,8118.469185000
2014,478135,8118.486348000
2015,478136,8118.502175000
2016,478137,8118.518711000
2017,478138,8118.536055000
2018,478139,8118.552638000
2019,478140,8118.570778000
2020,478141,8118.585568000
2021,478142,8118.602335000
2022,478143,8118.619433000
2023,478144,8118.636239000
2024,478145,8118.652049000
2025,478146,8118.669062000
2026,478147,8118.684609000
2027,478148,8118.702433000
2028,478149,8118.718472000
2029,478150,8118.735378000
2030,478151,8118.752552000
2031,478152,8118.769454000
2032,478153,8118.786366000
2033,478154,8118.802482000
2034,478155,8118.817983000
2035,478156,8118.835691000
2036,478157,8118.852629000
2037,478158,8118.868753000
2038,478159,8118.885234000
2039,478160,8118.902544000
2040,478161,8118.919151000
2041,478162,8118.935786000
2042,478163,8118.952866000
2043,478164,8118.969681000
2044,478165,8118.984725000
2045,478166,8119.002027000
2046,478167,8119.018619000
2047,478168,8119.035823000
2048,478169,8119.052709000
2049,478170,8119.068983000
2050,478171,8119.084722000
2051,478172,8119.102236000
2052,478173,8119.118989000
2053,478174,8119.135195000
2054,478175,8119.152588000
2055,478176,8119.171868000
2056,478177,8119.184473000
2057,478178,8119.202443000
2058,478179,8119.218601000
2059,478180,8119.235736000
2060,478181,8119.252684000
2061,478182,8119.268540000
2062,478183,8119.285119000
2063,478184,8119.302471000
2064,478185,8119.317500000
2065,478186,8119.335803000
2066,478187,8119.350868000
2067,478188,8119.368801000
2068,478189,8119.385669000
2069,478190,8119.401821000
2070,478191,8119.418129000
2071,478192,8119.435579000
2072,478193,8119.452447000
2073,478194,8119.468796000
2074,478195,8119.484937000
2075,478196,8119.502428000
2076,478197,8119.519122000
2077,478198,8119.535280000
2078,478199,8119.552216000
2079,478200,8119.569334000
2080,478201,8119.584146000
2081,478202,8119.602507000
2082,478203,8119.617519000
2083,478204,8119.635429000
2084,478205,8119.652461000
2085,478206,8119.668206000
2086,478207,8119.684187000
2087,478208,8119.702172000
2088,478209,8119.718051000
2089,478210,8119.734899000
2090,478211,8119.752240000
2091,478212,8119.770089000
2092,478213,8119.785026000
2093,478214,8119.801423000
2094,478215,8119.817150000
2095,478216,8119.835716000
2096,478217,8119.850636000
2097,478218,8119.868701000
2098,478219,8119.884166000
2099,478220,8119.901997000
2100,478221,8119.918677000
2101,478222,8119.935470000
2102,478223,8119.952243000
2103,478224,8119.969357000
2104,478225,8119.984873000
2105,478226,8120.001427000
2106,478227,8120.018000000
2107,478228,8120.035571000
2108,478229,8120.050819000
2109,478230,8120.068674000
2110,478231,8120.084476000
2111,478232,8120.102125000
2112,478233,8120.118125000
2113,478234,8120.134835000
2114,478235,8120.152148000
2115,478236,8120.169199000
2116,478237,8120.184648000
2117,478238,8120.202091000
2118,478239,8120.218309000
2119,478240,8120.235838000
2120,478241,8120.250721000
2121,478242,8120.268644000
2122,478243,8120.285460000
2123,478244,8120.301751000
2124,478245,8120.318301000
2125,478246,8120.335325000
2126,478247,8120.350566000
2127,478248,8120.369172000
2128,478249,8120.384673000
2129,478250,8120.402016000
2130,478251,8120.418781000
2131,478252,8120.436103000
2132,478253,8120.450863000
2133,478254,8120.468967000
2134,478255,8120.483785000
2135,478256,8120.502022000
2136,478257,8120.518376000
2137,478258,8120.535355000
2138,478259,8120.550731000
2139,478260,8120.569044000
2140,478261,8120.586320000
2141,478262,8120.602328000
2142,478263,8120.617169000
2143,478264,8120.635558000
2144,478265,8120.650367000
2145,478266,8120.668755000
2146,478267,8120.683863000
2147,478268,8120.702235000
2148,478269,8120.716835000
2149,478270,8120.735250000
2150,478271,8120.750487000
2151,478272,8120.768654000
2152,478273,8120.783771000
2153,478274,8120.802132000
2154,478275,8120.817226000
2155,478276,8120.835616000
2156,478277,8120.850788000
2157,478278,8120.868937000
2158,478279,8120.883956000
2159,478280,8120.902139000
2160,478281,8120.917078000
2161,478282,8120.935578000
2162,478283,8120.950515000
2163,478284,8120.969152000
2164,478285,8120.984199000
2165,478286,8121.002239000
2166,478287,8121.017122000
2167,478288,8121.035574000
2168,478289,8121.050412000
2169,478290,8121.068809000
2170,478291,8121.083870000
2171,478292,8121.102274000
2172,478293,8121.116836000
2173,478294,8121.134813000
2174,478295,8121.150492000
2175,478296,8121.168862000
2176,478297,8121.183846000
2177,478298,8121.202174000
2178,478299,8121.217202000
2179,478300,8121.235570000
2180,478301,8121.250829000
2181,478302,8121.268755000
2182,478303,8121.283852000
2183,478304,8121.302031000
2184,478305,8121.317017000
2185,478306,8121.335464000
2186,478307,8121.350529000
2187,478308,8121.368976000
2188,478309,8121.384212000
2189,478310,8121.400245000
2190,478311,8121.417434000
2191,478312,8121.435458000
2192,478313,8121.450453000
2193,478314,8121.468748000
2194,478315,8121.483892000
2195,478316,8121.502054000
2196,478317,8121.516649000
2197,478318,8121.534598000
2198,478319,8121.549375000
2199,478320,8121.569126000
2200,478321,8121.584014000
2201,478322,8121.601929000
2202,478323,8121.617303000
2203,478324,8121.635424000
2204,478325,8121.650369000
2205,478326,8121.668180000
2206,478327,8121.682620000
2207,478328,8121.699773000
2208,478329,8121.716051000
2209,478330,8121.735236000
2210,478331,8121.750557000
2211,478332,8121.767438000
2212,478333,8121.784455000
2213,478334,8121.799959000
2214,478335,8121.815970000
2215,478336,8121.835130000
2216,478337,8121.849474000
2217,478338,8121.868566000
2218,478339,8121.883972000
2219,478340,8121.902229000
2220,478341,8121.917137000
2221,478342,8121.933306000
2222,478343,8121.950564000
2223,478344,8121.968799000
2224,478345,8121.983835000
2225,478346,8122.001795000
2226,478347,8122.017255000
2227,478348,8122.035575000
2228,478349,8122.050409000
2229,478350,8122.066331000
2230,478351,8122.082612000
2231,478352,8122.099776000
2232,478353,8122.116178000
2233,478354,8122.133602000
2234,478355,8122.151076000
2235,478356,8122.169640000
2236,478357,8122.184285000
2237,478358,8122.199326000
2238,478359,8122.215775000
2239,478360,8122.233291000
2240,478361,8122.250439000
2241,478362,8122.266228000
2242,478363,8122.282936000
2243,478364,8122.299893000
2244,478365,8122.316861000
2245,478366,8122.334893000
2246,478367,8122.349130000
2247,478368,8122.366375000
2248,478369,8122.383767000
2249,478370,8122.399494000
2250,478371,8122.415833000
2251,478372,8122.432817000
2252,478373,8122.449109000
2253,478374,8122.466178000
2254,478375,8122.482591000
2255,478376,8122.499894000
2256,478377,8122.517117000
2257,478378,8122.532794000
2258,478379,8122.549234000
2259,478380,8122.566310000
2260,478381,8122.582364000
2261,478382,8122.599517000
2262,478383,8122.615577000
2263,478384,8122.633170000
2264,478385,8122.649370000
2265,478386,8122.666049000
2266,478387,8122.682381000
2267,478388,8122.699370000
2268,478389,8122.715243000
2269,478390,8122.732919000
2270,478391,8122.748954000
2271,478392,8122.768365000
2272,478393,8122.783758000
2273,478394,8122.799356000
2274,478395,8122.815258000
2275,478396,8122.832670000
2276,478397,8122.849023000
2277,478398,8122.866086000
2278,478399,8122.882573000
2279,478400,8122.899698000
2280,478401,8122.916117000
2281,478402,8122.932621000
2282,478403,8122.948697000
2283,478404,8122.966028000
2284,478405,8122.982382000
2285,478406,8122.999361000
2286,478407,8123.015738000
2287,478408,8123.032963000
2288,478409,8123.049099000
2289,478410,8123.065697000
2290,478411,8123.081724000
2291,478412,8123.099417000
2292,478413,8123.115374000
2293,478414,8123.133105000
2294,478415,8123.149192000
2295,478416,8123.166394000
2296,478417,8123.182545000
2297,478418,8123.199151000
2298,478419,8123.214905000
2299,478420,8123.232833000
2300,478421,8123.248757000
2301,478422,8123.266037000
2302,478423,8123.282244000
2303,478424,8123.299214000
2304,478425,8123.315233000
2305,478426,8123.332586000
2306,478427,8123.348600000
2307,478428,8123.366505000
2308,478429,8123.382134000
2309,478430,8123.399328000
2310,478431,8123.415504000
2311,478432,8123.433087000
2312,478433,8123.449222000
2313,478434,8123.465134000
2314,478435,8123.481904000
2315,478436,8123.499438000
2316,478437,8123.515479000
2317,478438,8123.531653000
2318,478439,8123.549264000
2319,478440,8123.566592000
2320,478441,8123.582619000
2321,478442,8123.598456000
2322,478443,8123.615246000
2323,478444,8123.633061000
2324,478445,8123.649066000
2325,478446,8123.664781000
2326,478447,8123.682511000
2327,478448,8123.699670000
2328,478449,8123.716044000
2329,478450,8123.732295000
2330,478451,8123.748385000
2331,478452,8123.766134000
2332,478453,8123.782204000
2333,478454,8123.798104000
2334,478455,8123.815769000
2335,478456,8123.832975000
2336,478457,8123.849505000
2337,478458,8123.865958000
2338,478459,8123.881751000
2339,478460,8123.899147000
2340,478461,8123.915350000
2341,478462,8123.931341000
2342,478463,8123.949118000
2343,478464,8123.968301000
2344,478465,8123.982757000
2345,478466,8123.998356000
2346,478467,8124.015082000
2347,478468,8124.031495000
2348,478469,8124.048905000
2349,478470,8124.064520000
2350,478471,8124.082257000
2351,478472,8124.099482000
2352,478473,8124.115259000
2353,478474,8124.131628000
2354,478475,8124.148406000
2355,478476,8124.166051000
2356,478477,8124.182207000
2357,478478,8124.197777000
2358,478479,8124.215516000
2359,478480,8124.233259000
2360,478481,8124.247803000
2361,478482,8124.265728000
2362,478483,8124.281857000
2363,478484,8124.299473000
2364,478485,8124.315480000
2365,478486,8124.331062000
2366,478487,8124.347649000
2367,478488,8124.364962000
2368,478489,8124.381886000
2369,478490,8124.397690000
2370,478491,8124.415072000
2371,478492,8124.432964000
2372,478493,8124.448683000
2373,478494,8124.464810000
2374,478495,8124.482005000
2375,478496,8124.498201000
2376,478497,8124.515117000
2377,478498,8124.531043000
2378,478499,8124.548781000
2379,478500,8124.567838000
2380,478501,8124.580739000
2381,478502,8124.598031000
2382,478503,8124.615246000
2383,478504,8124.632738000
2384,478505,8124.648550000
2385,478506,8124.664222000
2386,478507,8124.681947000
2387,478508,8124.699283000
2388,478509,8124.715162000
2389,478510,8124.730989000
2390,478511,8124.748102000
2391,478512,8124.765556000
2392,478513,8124.781428000
2393,478514,8124.797375000
2394,478515,8124.815056000
2395,478516,8124.832639000
2396,478517,8124.847274000
2397,478518,8124.864494000
2398,478519,8124.882286000
2399,478520,8124.898082000
2400,478521,8124.915034000
2401,478522,8124.930651000
2402,478523,8124.948390000
2403,478524,8124.965662000
2404,478525,8124.981701000
2405,478526,8124.997728000
2406,478527,8125.014615000
2407,478528,8125.032222000
2408,478529,8125.048163000
2409,478530,8125.063847000
2410,478531,8125.081599000
2411,478532,8125.097572000
2412,478533,8125.115013000
2413,478534,8125.130673000
2414,478535,8125.148113000
2415,478536,8125.166147000
2416,478537,8125.181944000
2417,478538,8125.197908000
2418,478539,8125.214926000
2419,478540,8125.232709000
2420,478541,8125.247365000
2421,478542,8125.264313000
2422,478543,8125.281354000
2423,478544,8125.298906000
